SMILES,logKoc
C=CC=O,-0.31
CC(=O)O,0.0
CNC(=O)/C=C(\C)OP(=O)(OC)OC,0.0
CCO,0.2
C[C@H](O)CO,0.36
CO[P@](=O)(NC(C)=O)SC,0.39
CC(Cl)(Cl)C(=O)O,0.44
CO,0.44
CC1=C(C)S(=O)(=O)CCS1(=O)=O,0.48
CCCO,0.48
CCCCO,0.5
NC(=O)c1c(Cl)cccc1Cl,0.53
CNC(=O)O/N=C/C(C)(C)[S@@](C)=O,0.56
CCCCCO,0.7
CO[P@](N)(=O)SC,0.7
OCc1ccccc1,0.7
C1CN1,0.78
CC(N)=S,0.78
CCN(CC)C(=O)/C(Cl)=C(/C)OP(=O)(OC)OC,0.85
NC(N)=S,0.85
NC(=O)C(Cl)(Cl)Cl,0.99
CNC(=O)O/N=C(\SC)C(=O)N(C)C,1.0
ClC[C@H]1CO1,1.0
CCCCCCO,1.01
NC(N)=O,1.03
CC[S@@](=O)CCSP(C)(C)=O,1.05
O=C(O)c1ccccc1C(=O)O,1.07
CNC(=O)CSP(=S)(OC)OC,1.08
O=C(O)c1cccc(Cl)n1,1.16
CCNNCC,1.18
C1COCCO1,1.23
Nc1c(Cl)c(Cl)nc(C(=O)O)c1Cl,1.27
Cc1cc(Cl)ccc1O[C@@H](C)C(=O)O,1.3
O=[N+]([O-])c1cc([N+](=O)[O-])cc([N+](=O)[O-])c1,1.3
NC(=O)Nc1ccccc1F,1.32
CBr,1.34
CC1=CC(=O)CC(C)(C)C1,1.4
CN(C)C(=O)Nc1ccccc1,1.4
COc1ccc(NC(=O)N(C)C)cc1,1.4
COc1ccc(NC(C)=O)cc1,1.4
Nc1ccccc1,1.41
CNC(=O)c1ccccc1,1.42
CC(=O)Nc1ccccc1,1.43
CN(C)C(=O)Nc1ccc(F)cc1,1.43
O=C(O)c1ccc(O)cc1,1.43
Oc1ccccc1,1.43
ClCCl,1.44
CC(=O)Nc1cccc(C)c1,1.45
N=C(O)c1ccccc1[N+](=O)[O-],1.45
O=C(O)Cc1ccccc1,1.45
OCCc1ccccn1,1.45
CCCCCC(=O)O,1.46
NC(=O)c1ccccc1,1.46
CC(=O)Nc1ccc(F)cc1,1.48
CC(Cl)Cl,1.48
O=C(O)COc1ccc(Cl)cc1Cl,1.48
COc1c(Cl)ccc(Cl)c1C(=O)O,1.5
COc1cccc(O)c1,1.5
C[C@@H](O)c1ccccc1,1.5
O=C(O)c1ccccc1,1.5
CNP(=O)(NC)Oc1ccccc1,1.51
Cc1ccc(NC(=O)N(C)C)cc1,1.51
NC(=O)c1ccccc1Cl,1.51
CC(C)N1C(=O)c2ccccc2NS1(=O)=O,1.52
ClCCOCCCl,1.52
NC(=O)Nc1ccc(F)cc1,1.52
O=C(O)Cn1c(=O)sc2cccc(Cl)c21,1.52
O=C(O)c1ccc([N+](=O)[O-])c([N+](=O)[O-])c1,1.53
COc1ccccc1,1.54
Cc1cccc(O)c1,1.54
ClCCCl,1.54
O=C(O)c1ccc([N+](=O)[O-])cc1,1.54
O=C(O)Cc1c(Cl)ccc(Cl)c1Cl,1.55
CCCCCCCCO,1.56
COc1ccccc1O,1.56
Cc1cccc(NC(N)=O)c1,1.56
O=[N+]([O-])c1cccc([N+](=O)[O-])c1,1.56
Oc1c(O)c(Cl)c(Cl)c(Cl)c1Cl,1.56
CC(=O)Nc1cccc(F)c1,1.57
CCO[P@](=O)(NC(C)C)Oc1ccc([S@@](C)=O)c(C)c1,1.57
CC(=O)Nc1ccccc1Cl,1.58
O=C(CCl)Nc1ccccc1,1.58
CC(=O)c1ccccc1,1.59
COP(=O)(OC)[C@@H](O)C(Cl)(Cl)Cl,1.6
CNC(=O)Oc1cccc2c1OC(C)(C)C2,1.61
COc1nc(C)nc(NC(=O)NS(=O)(=O)c2ccccc2Cl)n1,1.61
NC(=O)Nc1ccccc1Cl,1.61
COCC(=O)N(c1c(C)cccc1C)[C@@H](C)C(=O)OC,1.63
Nc1nc[nH]n1,1.64
COC(=O)c1sccc1S(=O)(=O)NC(=O)Nc1nc(C)nc(OC)n1,1.65
Cc1cccc(N)c1,1.65
ClC(Cl)Cl,1.65
COP(=O)(OC)O/C(C)=C\C(=O)N(C)C,1.66
COP(=O)(OC)OC=C(Cl)Cl,1.67
C[C@H](Cl)CCl,1.69
Cc1[nH]c(=O)n(C(C)(C)C)c(=O)c1Cl,1.69
CC1=C(C(=O)Nc2ccccc2)S(=O)(=O)CCO1,1.7
CCCC(=O)Nc1ccccc1,1.71
CC[C@@H](C)c1ccccc1OC(=O)NC,1.71
CNC(=O)Oc1ccc(C)c(C)c1,1.71
COc1ccc(NC(=O)N(C)C)cc1Cl,1.72
COc1cccc(NC(=O)N(C)C)c1,1.72
O=[N+]([O-])c1cccc(O)c1,1.72
CC[C@H](C)n1c(=O)[nH]c(C)c(Br)c1=O,1.73
CN(C)c1nc(=O)n(C2CCCCC2)c(=O)n1C,1.73
CNC(=O)Oc1ccccc1,1.73
C[C@H](CCl)O[C@@H](C)CCl,1.73
Cc1cc(C)cc(NC(=O)N(C)C)c1,1.73
ClCC(Cl)(Cl)Cl,1.73
Nc1cccc([N+](=O)[O-])c1,1.73
O=C(Nc1ccccc1)NC1CC1,1.73
COC(=O)c1ccccc1S(=O)(=O)NC(=O)Nc1nc(C)nc(OC)n1,1.74
CNC(=O)O/N=C(/C)SC,1.75
COc1ccc(O)cc1,1.75
Cc1cc(NC(N)=O)ccc1F,1.75
CC(C)OC(=O)Nc1ccccc1,1.77
Cc1ccc(C(=O)O)cc1,1.77
Cl/C=C/Cl,1.77
NC(=O)Nc1cccc(F)c1,1.77
Cc1ccc(C(N)=O)cc1,1.78
ClC(Cl)Br,1.79
O=[N+]([O-])C(Cl)(Cl)Cl,1.79
CNC(=O)O/N=C/c1ccccc1,1.8
COC(=O)c1ccccc1S(=O)(=O)NC(=O)Nc1nc(C)cc(C)n1,1.8
ClCC(Cl)Cl,1.81
CCCSP(=O)(OCC)SCCC,1.82
CCOC(=O)Nc1ccccc1,1.82
CNC(=O)N(C)c1nnc(C(C)(C)C)s1,1.83
CCOC(=O)c1ccccc1C(=O)OCC,1.84
CNC(=O)Nc1ccc(OC)c(Cl)c1,1.84
CSc1nnc(C(C)(C)C)c(=O)n1N,1.85
ClC(Cl)(Cl)Cl,1.85
CC(=O)Nc1cccc(Cl)c1,1.86
O=C(O)COc1cc(Cl)c(Cl)cc1Cl,1.86
CCCCN,1.88
Nc1ccc([N+](=O)[O-])cc1,1.88
CCCCCCCCCO,1.89
CCOC(=O)Cc1ccccc1,1.89
Cc1ccc(N)cc1,1.9
ClC(Cl)C(Cl)Cl,1.9
ClC(Br)Br,1.92
ClC(Cl)(Br)Br,1.92
CNC(=O)Nc1cccc(Cl)c1,1.93
COc1ccc(N)cc1Cl,1.93
O=C(Nc1ccccc1)NC1CCCC1,1.93
CC(O)=Nc1cccc([N+](=O)[O-])c1,1.94
CCSC(=O)N1CCCCCC1,1.94
c1ccccc1,1.94
CN(C)C(=O)Nc1ccc(Cl)cc1,1.95
COc1ccc(NC(C)=O)cc1Cl,1.95
N=C(O)c1cccc([N+](=O)[O-])c1,1.95
Nc1ccc(Br)cc1,1.96
COC(=O)/C=C(/C)OP(=O)(OC)OC,1.97
COC(=O)/C=C(\C)OP(=O)(OC)OC,1.97
NC(=O)Nc1cccc(C(F)(F)F)c1,1.97
Nc1ccc(Cl)cc1,1.97
Nc1ccc(Cc2ccc(N)cc2)cc1,1.99
CC(C)[C@]1(C)N=C(c2ncccc2C(=O)O)NC1=O,2.0
CCC/C(=N\OCC)C1=C(O)C[C@H](C[C@H](C)SCC)CC1=O,2.0
CN(C)C(=O)Nc1cccc(C(F)(F)F)c1,2.0
COC(=O)c1ccccc1C(=O)OC,2.0
COP(=O)(OC)O/C(C)=C/C(=O)O[C@H](C)c1ccccc1,2.0
COc1ccc(NC(N)=O)cc1Cl,2.0
NC(=O)Cc1cccc2ccccc12,2.0
CCOP(=S)(OCC)Oc1nc(Cl)n(C(C)C)n1,2.01
CN1CCC[C@@H]1c1cccnc1,2.01
NC(=O)Nc1cccc(Cl)c1,2.01
Cc1ccc(NC(=O)N(C)C)cc1Cl,2.02
O=C(Nc1ccccc1)Nc1cnns1,2.02
COc1ccccc1OC,2.03
COc1nn(CSP(=S)(OC)OC)c(=O)s1,2.03
CC(Cl)(Cl)Cl,2.04
COC(=O)NS(=O)(=O)c1ccc(N)cc1,2.04
Nc1ccc(Sc2ccc(N)cc2)cc1,2.04
CCO[C@@H]1Oc2ccc(OS(C)(=O)=O)cc2C1(C)C,2.05
Nc1ccc(C(=O)O)cc1,2.05
CCCCCC(=O)OCC,2.06
CCCOC(=O)Nc1ccccc1,2.06
CN(C)C(=O)C(c1ccccc1)c1ccccc1,2.06
O=[N+]([O-])c1ccc(O)cc1,2.06
N[C@@H]1CNN(c2ccccc2)C(=O)[C@H]1Cl,2.07
O=C(Nc1ccccc1)NC1CCCCC1,2.07
O=[N+]([O-])c1ccccc1,2.07
COc1ccc([C@@](O)(c2cncnc2)C2CC2)cc1,2.08
NC(=O)Nc1cccc(Br)c1,2.09
O=C(O)[C@@H]1[C@@H](C(=O)O)[C@H]2CC[C@@H]1O2,2.09
CNC(=O)Nc1ccc(C)c(Cl)c1,2.1
COC(=O)c1ccccc1,2.1
CC(C)c1ccc(NC(=O)N(C)C)cc1,2.11
Cc1[nH]c(=O)n(C(C)C)c(=O)c1Br,2.11
Oc1nc(Cl)c(Cl)cc1Cl,2.11
CCNc1nc(Cl)nc(NCC)n1,2.12
CNC(=O)Oc1cccc(Cl)c1,2.15
Oc1ccccc1Cl,2.16
CC(C)NC(=O)N1CC(=O)N(c2cc(Cl)cc(Cl)c2)C1=O,2.17
CCOP(=S)(OCC)Oc1ccc(S(C)(=O)=O)cc1,2.17
CCC(=O)Nc1ccc(Cl)c(Cl)c1,2.18
CCOP(=S)(OCC)SCS(=O)(=O)C(C)(C)C,2.18
CCOP(=S)(OCC)SC[S@](=O)C(C)(C)C,2.18
Oc1cccc(Cl)c1,2.18
CON(C)C(=O)Nc1ccc(Cl)cc1,2.2
Cc1ccc(O)cc1,2.2
Cc1ccccc1,2.2
FC(Cl)(Cl)Cl,2.2
CCNc1nc(Cl)nc(NC(C)C)n1,2.21
CCOC(=O)c1ccc(O)cc1,2.21
CN(C)c1ccc(C(=O)c2ccc(N(C)C)cc2)cc1,2.21
CCOCN(C(=O)CCl)c1c(C)cccc1CC,2.22
O=C(O)Cc1cccc2ccccc12,2.25
OCc1cccc2ccccc12,2.25
S=c1[nH]c2ccccc2s1,2.25
CCCCOC(=O)Nc1ccccc1,2.26
Cc1cc(N)ccc1Br,2.26
NC(=S)c1c(Cl)cccc1Cl,2.26
CCNc1nc(Cl)nc(NC(C)(C)C#N)n1,2.28
CCc1cccc(CC)c1N(COC)C(=O)CCl,2.28
N#Cc1cc(Br)c(O)c(Br)c1,2.28
Nc1ccc(Cl)c(Cl)c1,2.29
CC(C)Nc1nc(Cl)nc(NC(C)C)n1,2.3
CCOC(=O)c1ccccc1,2.3
O=C1[C@H]2CC=CC[C@@H]2C(=O)N1SC(Cl)(Cl)Cl,2.3
C#CC(C)(C)NC(=O)c1cc(Cl)cc(Cl)c1,2.31
N=C(O)c1cc([N+](=O)[O-])cc([N+](=O)[O-])c1,2.31
CCNc1nc(Cl)nc(NC(C)(C)C)n1,2.32
CNC(=O)Oc1cc(C)c(SC)c(C)c1,2.32
O=C1C(Cl)=C(Cl)C(=O)C(Cl)=C1Cl,2.32
Brc1ccccc1,2.34
CC(=O)Nc1ccc(Cl)c(Cl)c1,2.34
OC(c1ccccc1)c1ccccc1,2.34
COC(=O)Nc1nc2ccccc2[nH]1,2.35
Nc1cccc(C(F)(F)F)c1,2.36
CCN(CC)c1ccccc1,2.37
Cc1cc(NC(N)=O)ccc1Br,2.37
CCCN(CCC)C(=O)SCC,2.38
CCCSC(=O)N(CCC)CCC,2.38
Cc1ccccc1C,2.38
N#Cc1c(Cl)cccc1Cl,2.38
CC(C)OP(=O)(OC(C)C)SCc1ccccc1,2.4
CCC(C)(CC)c1cc(NC(=O)c2c(OC)cccc2OC)on1,2.4
CC[C@@H](C)c1cc([N+](=O)[O-])cc([N+](=O)[O-])c1O,2.4
Oc1ccc(Br)cc1,2.41
CC(C)N(C(=O)CCl)c1ccccc1,2.42
O=[N+]([O-])c1ccc(Br)cc1,2.42
Nc1cc(Cl)cc(Cl)c1,2.44
CNC(=O)Nc1ccc(Cl)c(Cl)c1,2.46
CCOP(=O)(OCC)O/C(=C/Cl)c1ccc(Cl)cc1Cl,2.47
CCOP(=O)(OCC)O/C(=C\Cl)c1ccc(Cl)cc1Cl,2.47
CN(C)C(=O)Nc1cc(C(C)(C)C)on1,2.47
Cc1ccc(C)cc1,2.47
ClC(Cl)=C(Cl)Cl,2.47
CCOC(=O)Cc1cccc2ccccc12,2.48
CCOC(=O)c1ccc([N+](=O)[O-])cc1,2.48
CS/C(C)=N\OC(=O)N(C)SN(C)C(=O)O/N=C(\C)SC,2.49
CN(C)C(=O)Nc1ccc(Cl)c(Cl)c1,2.5
Clc1ccccc1Cl,2.51
CCOP(=S)(OCC)Oc1ccc([S@@](C)=O)cc1,2.52
COC(=O)COc1cc(Cl)c(Cl)cc1Cl,2.52
Cc1cc(NC(=O)N(C)C)cc(C)c1Br,2.53
NC(=O)Nc1ccc(Cl)c(Cl)c1,2.53
O=[N+]([O-])c1ccc(Cl)c(Cl)c1,2.53
Clc1ccc(Cl)cc1,2.54
Cc1ccccc1Cl,2.55
Nc1cc([N+](=O)[O-])cc([N+](=O)[O-])c1,2.55
O=C1[C@H](Cl)[C@H](CCl)CN1c1cccc(C(F)(F)F)c1,2.55
COc1nc(NC(C)C)nc(NC(C)C)n1,2.57
CCCCCCCCCCO,2.59
CCNc1nc(NC(C)C)nc(SC)n1,2.59
CCOC(=O)c1ccc(C)cc1,2.59
CNC(=O)Oc1cc(C)c(C)c(C)c1,2.6
Cc1ccccc1CO[C@H]1C[C@]2(C(C)C)CC[C@@]1(C)O2,2.6
O=[N+]([O-])c1ccc(Br)c(Cl)c1,2.6
CC(C)(C)C(=O)[C@@H](Oc1ccc(Cl)cc1)n1cncn1,2.61
CCCCCOC(=O)Nc1ccccc1,2.61
Clc1cccc(C(Cl)(Cl)Cl)n1,2.62
COP(=S)(OC)Oc1ccc([N+](=O)[O-])c(C)c1,2.63
Nc1ccc(Cl)c(Cl)c1Cl,2.63
COP(=S)(OC)SCn1nnc2ccccc2c1=O,2.64
CC(C)OC(=O)Nc1cccc(Cl)c1,2.65
Oc1cccc(Cl)c1Cl,2.65
CCN(CC)C(=O)[C@@H](C)Oc1cccc2ccccc12,2.66
O=C(c1ccccc1)c1ccccc1,2.67
CCOC(=O)C[C@@H](SP(=S)(OC)OC)C(=O)OCC,2.68
O=C(O)c1c2ccccc2cc2ccccc12,2.69
CCCCOCCOC(=O)CCCOc1ccc(Cl)cc1Cl,2.7
CON(C)C(=O)Nc1ccc(Br)c(Cl)c1,2.7
CCCCNC(=O)n1c(NC(=O)OC)nc2ccccc21,2.71
Cc1c([N+](=O)[O-])cc([N+](=O)[O-])cc1[N+](=O)[O-],2.72
Nc1ccc(Cl)cc1Cl,2.72
CCOC(=O)c1cc([N+](=O)[O-])cc([N+](=O)[O-])c1,2.74
CNC(=O)Oc1ccc(Cl)c(Cl)c1,2.74
COC(=O)Nc1ccc(Cl)c(Cl)c1,2.74
COC(=O)c1cc(Cl)cc(N)c1Cl,2.74
CNC(=O)Oc1cccc2c1OC(C)(C)O2,2.75
Cn1cc(-c2ccccc2)c(=O)c(-c2cccc(C(F)(F)F)c2)c1,2.75
Oc1ccc(Cl)cc1Cl,2.75
CCCCOC(=O)[C@@H](C)Oc1ccc(Oc2ccc(C(F)(F)F)cn2)cc1,2.76
CCO[P@@](=S)(NC(C)C)Oc1ccccc1C(=O)OC(C)C,2.76
Cc1nc(C)c(Cl)c(O)c1Cl,2.76
CCNc1nc(Cl)nc(N(CC)CC)n1,2.77
Cc1cccc(C)c1,2.77
c1ccc(Nc2ccccc2)cc1,2.78
Nc1ccc(/N=N/c2ccccc2)cc1,2.79
O=C(O)[C@@H]1[C@H](C(=O)O)[C@]2(Cl)C(Cl)=C(Cl)[C@@]1(Cl)C2(Cl)Cl,2.79
CCCCN(CC)C(=O)SCCC,2.8
Cc1cccc(C)c1C,2.8
O=CN[C@H](N1CCN([C@@H](NC=O)C(Cl)(Cl)Cl)CC1)C(Cl)(Cl)Cl,2.8
CON(C)C(=O)Nc1ccc(Cl)c(Cl)c1,2.81
CCOP(=S)(OCC)SCSC(C)(C)C,2.82
C=CCc1ccc2c(c1)OCO2,2.83
CN(C)C(=S)SSC(=S)N(C)C,2.83
Cc1cc(C)cc(O)c1,2.83
Oc1cc(Cl)cc(Cl)c1,2.83
COP(=S)(OC)SCN1C(=O)c2ccccc2C1=O,2.85
COc1c(O)c(Cl)c(Cl)c(Cl)c1Cl,2.85
CSc1nc(NC(C)C)nc(NC(C)C)n1,2.85
Clc1cc(Cl)cc(Cl)c1,2.85
CN(C)CCN(Cc1cccs1)c1ccccn1,2.87
CCSC(=O)N(CC(C)C)CC(C)C,2.9
COc1cc(Cl)c(Cl)c(Cl)c1O,2.9
CCCN(CCC)c1c([N+](=O)[O-])cc(S(C)(=O)=O)cc1[N+](=O)[O-],2.92
CCNc1nc(O)nc(NC(C)C)n1,2.95
O[C@](c1ccc(Cl)cc1)(c1cncnc1)c1ccccc1Cl,2.95
C=Cc1ccccc1,2.96
CC(=O)C[C@@H](c1ccccc1)c1c(O)c2ccccc2oc1=O,2.96
Oc1cc(Cl)c(Cl)cc1Cl,2.96
CCOP(=S)(OCC)SCn1c(=O)oc2cc(Cl)ccc21,2.98
c1ccc(NNc2ccccc2)cc1,2.98
CCN(CC)c1nc(C)cc(OP(=S)(OC)OC)n1,3.0
CCOc1nc(C(Cl)(Cl)Cl)ns1,3.0
COP(=S)(OC)Oc1ccc([N+](=O)[O-])cc1,3.0
C[C@H](Oc1ccc(Cl)cc1Cl)C(=O)O,3.0
Cl[C@H]1[C@H](Cl)[C@@H](Cl)[C@@H](Cl)[C@H](Cl)[C@H]1Cl,3.0
CCCCCCCC(=O)OCC,3.02
CCCS[P@@](=O)(OCC)Oc1ccc(Br)cc1Cl,3.03
Oc1c(Cl)cc(Cl)cc1Cl,3.03
Oc1cccc2ccccc12,3.03
Clc1ccc(Cl)c(Cl)c1,3.05
CCNc1nc(Cl)nc(N(CC)C(C)C)n1,3.07
CCSc1nc(NC(C)C)nc(NC(C)C)n1,3.07
COP(=O)(OC)O/C(=C/Cl)c1cc(Cl)c(Cl)cc1Cl,3.07
CCCN(CCC)c1c([N+](=O)[O-])cc(S(N)(=O)=O)cc1[N+](=O)[O-],3.08
O=NN(c1ccccc1)c1ccccc1,3.08
Cc1cccc2c1sc1nncn12,3.09
Oc1ccc(Cl)c(Cl)c1,3.09
CCOC(=O)CN(C(=O)CCl)c1c(CC)cccc1CC,3.11
CCOP(=S)(OCC)SCSCC,3.11
COc1cc(Cl)c(OC)cc1Cl,3.11
c1ccc2ccccc2c1,3.11
Cc1cc(C)c(C)cc1C,3.12
CCOP(=S)(OCC)SCCSCC,3.13
CC(C)COC(=O)c1ccccc1C(=O)OCC(C)C,3.14
CCCCOC(=O)c1ccccc1C(=O)OCCCC,3.14
O=C(Oc1ccccc1)c1ccccc1,3.16
ClC1=C(Cl)C(Cl)(Cl)C(Cl)=C1Cl,3.17
CCOP(=S)(OCC)Oc1ccc(SC)cc1,3.18
COP(=S)(OC)Oc1ccc(SC)c(C)c1,3.18
Clc1cc(Cl)c(Cl)cc1Cl,3.2
N#Cc1c(Cl)c(Cl)c(Cl)c(C#N)c1Cl,3.2
CC(=O)c1ccc(-c2ccccc2)cc1,3.22
c1ccc(/N=N/c2ccccc2)cc1,3.22
Clc1nc(Cl)nc(Nc2ccccc2Cl)n1,3.24
c1ccc2[nH]c(-c3cscn3)nc2c1,3.24
COC(=O)NC(=S)Nc1ccccc1NC(=S)NC(=O)OC,3.25
Cl[C@H]1[C@H](Cl)[C@@H](Cl)[C@H](Cl)[C@H](Cl)[C@H]1Cl,3.25
c1ccc(-c2ccccc2)cc1,3.25
CCN(CC)C(=O)SCc1ccc(Cl)cc1,3.27
O=C1c2ccccc2C(=O)N1SC(Cl)(Cl)Cl,3.27
CC(C)N(C(=O)SC/C(Cl)=C/Cl)C(C)C,3.28
Clc1cccc(Cl)c1Cl,3.29
c1ccc(Oc2ccccc2)cc1,3.29
O=C(O)c1c(Cl)c(Cl)c(Cl)c(Cl)c1C(=O)O,3.3
CN(C)c1ccc(C(=N)c2ccc(N(C)C)cc2)cc1,3.31
O=C1[C@H]2CC=CC[C@@H]2C(=O)N1SC(Cl)(Cl)C(Cl)Cl,3.32
ClC(Cl)(Cl)C(Cl)(Cl)Cl,3.34
Oc1c(Cl)c(Cl)c(Cl)c(Cl)c1Cl,3.34
CC(C)N(C(=O)SCC(Cl)=C(Cl)Cl)C(C)C,3.35
Nc1c(Cl)cc([N+](=O)[O-])cc1Cl,3.35
Oc1c(Cl)cc(Cl)c(Cl)c1Cl,3.35
Cc1ccc2nc3sc(=O)sc3nc2c1,3.36
Cc1cccc2ccccc12,3.36
c1ccc2nc3ccccc3nc2c1,3.37
CCCCN(C)C(=O)Nc1ccc(Cl)c(Cl)c1,3.38
CCOC(=O)C(O)(c1ccc(Cl)cc1)c1ccc(Cl)cc1,3.38
COC(=O)Nc1cccc(OC(=O)Nc2cccc(C)c2)c1,3.38
CCCCc1ccccc1,3.4
CCCOP(=S)(OCCC)SCC(=O)N1CCCC[C@H]1C,3.44
Cn1c(=O)on(-c2ccc(Cl)c(Cl)c2)c1=O,3.45
Nc1ccc(-c2ccc(N)cc2)cc1,3.46
c1ccc2sccc2c1,3.49
CC(C)OP(=S)(OC(C)C)SCCNS(=O)(=O)c1ccccc1,3.5
CC(C)Oc1cc(-n2nc(C(C)(C)C)oc2=O)c(Cl)cc1Cl,3.51
Nc1cccc2ccccc12,3.51
CCCCCCCCCCCCO,3.52
COP(=S)(OC)Oc1nc(Cl)c(Cl)cc1Cl,3.52
Cc1ccc2ccccc2c1,3.52
Clc1ccccc1-c1ccccc1,3.52
CCCN(CCCl)c1c([N+](=O)[O-])cc(C(F)(F)F)cc1[N+](=O)[O-],3.55
Oc1cc(Cl)c(Cl)c(Cl)c1,3.56
O=C1c2ccccc2C(=O)c2ccccc21,3.57
CC(=O)c1c2ccccc2cc2ccccc12,3.58
C#CCO[S@](=O)O[C@@H]1CCCC[C@@H]1Oc1ccc(C(C)(C)C)cc1,3.6
Cc1ccc(C)c(C)c1,3.6
CCCNc1c([N+](=O)[O-])cc(C(F)(F)F)cc1[N+](=O)[O-],3.61
Cc1cc(C)c(C)c(O)c1,3.61
Oc1cc(Cl)cc(Cl)c1Cl,3.61
CCc1ccc(C)cc1,3.62
CCN(CC)c1c([N+](=O)[O-])cc(C(F)(F)F)c(N)c1[N+](=O)[O-],3.63
Oc1ccc2c(c1)CCC2,3.63
O=[N+]([O-])c1ccc(Oc2ccc(Cl)cc2Cl)cc1,3.65
COC(=O)c1cc(Oc2ccc(Cl)cc2Cl)ccc1[N+](=O)[O-],3.66
COC(=O)c1c(Cl)c(Cl)c(C(=O)OC)c(Cl)c1Cl,3.67
c1ccc2c(c1)[nH]c1ccccc12,3.68
CCCCOC(=O)COC(=O)c1ccccc1C(=O)OCCCC,3.7
CCCCSP(=O)(CSCCC)SCCCC,3.7
C[C@@H]1CCCCN1CCCOC(=O)c1ccc(Cl)c(Cl)c1,3.7
OC(c1ccc(Cl)cc1)(c1ccc(Cl)cc1)C(Cl)(Cl)Cl,3.7
CCCCOC(=O)c1ccccc1C(=O)OCc1ccccc1,3.72
C=CCO[C@@H](Cn1ccnc1)c1ccc(Cl)cc1Cl,3.73
C1=Cc2cccc3cccc1c23,3.75
Clc1cc(Cl)cc([C@]2(CC(Cl)(Cl)Cl)CO2)c1,3.75
Clc1ccc(Cl)c(Cl)c1Cl,3.76
CCc1cccc2ccccc12,3.78
C[C@@H]1[C@@H](c2ccc(Cl)cc2)SC(=O)N1C(=O)NC1CCCCC1,3.79
Clc1c(Cl)c(Cl)c(Cl)c(Cl)c1Cl,3.79
O=C(NC(=O)c1c(F)cccc1F)Nc1ccc(Cl)cc1,3.83
CCCOP(=S)(OCCC)OP(=S)(OCCC)OCCC,3.84
c1cc2c3c(cccc3c1)CC2,3.85
CN(C)c1ccc(/N=N/c2ccccc2)cc1,3.87
O=[N+]([O-])c1ccc(Oc2c(Cl)cc(Cl)cc2Cl)cc1,3.9
c1ccc2c(c1)oc1ccccc12,3.91
CCOP(=S)(OCC)Oc1nc(Cl)c(Cl)cc1Cl,3.92
Clc1ccccc1-c1ccccc1Cl,3.92
Nc1c(Cl)c(Cl)cc(Cl)c1Cl,3.94
CC[C@@H](C)Nc1c([N+](=O)[O-])cc(C(C)(C)C)cc1[N+](=O)[O-],3.95
CN(C)c1ccc(Cc2ccc(N(C)C)cc2)cc1,3.96
CCOC(=O)[C@@H](C)Oc1ccc(Oc2nc3ccc(Cl)cc3o2)cc1,3.98
CCCCCCCC(=O)Oc1c(Br)cc(C#N)cc1Br,4.0
CCCN(CCC)c1c([N+](=O)[O-])cc(C(C)C)cc1[N+](=O)[O-],4.0
CCN(Cc1c(F)cccc1Cl)c1c([N+](=O)[O-])cc(C(F)(F)F)cc1[N+](=O)[O-],4.0
CCCN(CC1CC1)c1c([N+](=O)[O-])cc(C(F)(F)F)cc1[N+](=O)[O-],4.01
ClC1=C(Cl)[C@]2(Cl)[C@H]3[C@H](Cl)[C@@H]4O[C@@H]4[C@H]3[C@@]1(Cl)C2(Cl)Cl,4.02
c1ccc2nc(-c3ccc4ccccc4n3)ccc2c1,4.02
CCCCN(CC)c1c([N+](=O)[O-])cc(C(F)(F)F)cc1[N+](=O)[O-],4.03
O=[N+]([O-])c1c(Cl)c(Cl)cc(Cl)c1Cl,4.05
Cc1cc2ccccc2cc1C,4.08
ClC1=C(Cl)[C@]2(Cl)[C@H]3[C@H]4C[C@H]([C@H]5O[C@@H]45)[C@H]3[C@@]1(Cl)C2(Cl)Cl,4.08
c1ccc2nc3ccccc3cc2c1,4.11
CCc1cc(CC)cc(CC)c1,4.12
O=[S@]1OC[C@@H]2[C@H](CO1)[C@@]1(Cl)C(Cl)=C(Cl)[C@]2(Cl)C1(Cl)Cl,4.13
CC/C(=C(/CC)c1ccc(O)cc1)c1ccc(O)cc1,4.14
Clc1ccc(-c2ccccc2Cl)cc1,4.14
CCCN(CCC)c1c([N+](=O)[O-])cc(C(F)(F)F)cc1[N+](=O)[O-],4.15
c1ccc(C2CCCCC2)cc1,4.18
CCCC[C@@H](CC)COC(=O)CCCCC(=O)OC[C@@H](CC)CCCC,4.19
COC(=O)[C@H](C)Oc1ccc(Oc2ccc(Cl)cc2Cl)cc1,4.2
O=C1[C@]2(Cl)[C@@]3(Cl)[C@]4(Cl)C(Cl)(Cl)[C@@]5(Cl)[C@](Cl)([C@]1(Cl)[C@]53Cl)[C@]24Cl,4.2
O=[N+]([O-])c1cc(Cl)c(Cl)c(Cl)c1Cl,4.23
CO[P@](=S)(Oc1cc(Cl)c(Br)cc1Cl)c1ccccc1,4.24
CCCS[P@@](=S)(OCC)Oc1ccc(SC)cc1,4.25
O=C1c2ccccc2-c2ccc3c4c(ccc1c24)-c1ccccc1C3=O,4.28
c1ccc2c(c1)ccc1ccccc12,4.32
c1ccc2cc3ccccc3cc2c1,4.34
Nc1ccc(-c2ccc(N)c(Cl)c2)cc1Cl,4.35
CC(C)[C@H](C(=O)O[C@@H](C#N)c1cccc(Oc2ccccc2)c1)c1ccc(Cl)cc1,4.37
c1ccc2nc3ccc4ccccc4c3cc2c1,4.39
ClC1=C(Cl)[C@]2(Cl)[C@H]3[C@H]([C@@H]4C=C[C@H]3C4)[C@@]1(Cl)C2(Cl)Cl,4.4
Clc1cc(Cl)c(Cl)c(Cl)c1Cl,4.41
Clc1cccc(-c2ccccc2)c1,4.42
Nc1ccc2cc3ccccc3cc2c1,4.45
O=[N+]([O-])c1c(Cl)c(Cl)c(Cl)c(Cl)c1Cl,4.56
Clc1ccc(-c2ccc(Cl)cc2Cl)cc1,4.62
Nc1c(Cl)c(Cl)c(Cl)c(Cl)c1Cl,4.62
CC1(C)[C@@H](C=C(Cl)Cl)[C@@H]1C(=O)O[C@H](C#N)c1cccc(Oc2ccccc2)c1,4.64
CCOP(=S)(OCC)SCSc1ccc(Cl)cc1,4.66
COP(=S)(OC)SCSc1ccc(Cl)cc1,4.67
Clc1ccc(Cl)c(-c2ccc(Cl)c(Cl)c2Cl)c1,4.68
CCCCCCOC(=O)c1ccccc1C(=O)OCCCCCC,4.72
ClC(Cl)=C(c1ccc(Cl)cc1)c1ccc(Cl)cc1,4.76
c1cc2ccc3cccc4ccc(c1)c2c34,4.79
Clc1ccc(C(c2ccc(Cl)cc2)C(Cl)Cl)cc1,4.8
c1ccc2c(c1)ccc1ncccc12,4.81
Clc1ccc(Cl)c(-c2cc(Cl)ccc2Cl)c1,4.82
Clc1ccc(-c2ccccc2Cl)c(Cl)c1,4.84
CCOc1cc(Oc2ccc(C(F)(F)F)cc2Cl)ccc1[N+](=O)[O-],4.85
Brc1cc(Br)c(-c2c(Br)cc(Br)cc2Br)c(Br)c1,4.87
COc1ccc(C(c2ccc(OC)cc2)C(Cl)(Cl)Cl)cc1,4.9
CCc1c(Br)c(Br)c(Br)c(Br)c1Br,4.92
CCCC[C@@H](CC)COC(=O)c1ccccc1C(=O)OC[C@H](CC)CCCC,4.97
CC(C)[C@@H](C(=O)O[C@H](C#N)c1cccc(Oc2ccccc2)c1)c1ccc(OC(F)F)cc1,5.0
CC1(C)[C@@H](C=C(Cl)Cl)[C@@H]1C(=O)O[C@H](C#N)c1ccc(F)c(Oc2ccccc2)c1,5.0
CC1(C)[C@@H]([C@H](Br)C(Br)(Br)Br)[C@@H]1C(=O)O[C@@H](C#N)c1cccc(Oc2ccccc2)c1,5.0
COP(=S)(OC)Oc1ccc(Sc2ccc(OP(=S)(OC)OC)cc2)cc1,5.0
Nc1cc2c3ccccc3ccc2c2ccccc12,5.21
CC1(C)[C@H](/C=C(\Cl)C(F)(F)F)[C@@H]1C(=O)O[C@@H](C#N)c1cccc(Oc2ccccc2)c1,5.26
Clc1ccc(C(c2ccc(Cl)cc2)C(Cl)(Cl)Cl)cc1,5.33
Cc1c(COC(=O)[C@@H]2[C@H](/C=C(\Cl)C(F)(F)F)C2(C)C)cccc1-c1ccccc1,5.35
c1ccc2c(c1)-c1cccc3c1c-2cc1ccccc13,5.36
c1cc2ccc3ccc4ccc5cccc6c(c1)c2c3c4c56,5.38
c1ccc2cc3c(ccc4ccccc43)cc2c1,5.4
c1ccc2c(c1)Cc1c-2ccc2ccccc12,5.46
c1ccc2c(c1)ccc1c3ccccc3ccc21,5.5
c1ccc2c(c1)cc1ccc3cc4ccccc4c4ccc2c1c34,5.71
Clc1ccc(-c2ccc(Cl)c(Cl)c2Cl)c(Cl)c1Cl,5.74
Clc1ccc(Cl)c(-c2c(Cl)c(Cl)c(Cl)c(Cl)c2Cl)c1,5.77
c1ccc2c(c1)cc1ccc3cccc4ccc2c1c34,5.83
Clc1cc(Cl)c(-c2cc(Cl)c(Cl)cc2Cl)cc1Cl,5.87
Clc1c(Cl)c(Cl)c2c(Cl)c(Cl)c(Cl)c(Cl)c2c1Cl,5.89
Clc1ccc(Cl)c(-c2cc(Cl)c(Cl)c(Cl)c2Cl)c1,5.95
c1ccc2c(c1)ccc1[nH]c3ccc4ccccc4c3c12,6.02
c1ccc2c(c1)ccc1c3ccc4ccccc4c3[nH]c21,6.02
c1ccc2c(c1)ccc1cc3ccc4ccccc4c3cc12,6.02
c1ccc2c(c1)c1cccc3ccc4cccc2c4c31,6.07
c1ccc2c(c1)ccc1cc3c(ccc4ccccc43)cc12,6.25
c1ccc2c(c1)-c1ccc3ccc4cccc5cc-2c1c3c45,6.33
