iteration,random_state,n_train,n_test,R2_ext,RMSE_ext,MAE_ext
1,20260520,513,129,0.8596960511979835,0.4795110177533159,0.37706222625276614
2,20260521,513,129,0.7911134328369103,0.5289858072871426,0.42226731558396513
3,20260522,513,129,0.8019434892094706,0.509716870237158,0.4161967175524428
4,20260523,513,129,0.8155604813751373,0.4935338136426509,0.4052254547194379
5,20260524,513,129,0.8066347572484066,0.5314432342777885,0.4337980059545257
6,20260525,513,129,0.7983100199036794,0.5281012903960901,0.4159828058013166
7,20260526,513,129,0.801144195107744,0.5307607148213911,0.4302449484414538
8,20260527,513,129,0.7806419963946178,0.5177668016331328,0.40397641584961735
9,20260528,513,129,0.8191996827942823,0.5557045803614631,0.42401408890645226
10,20260529,513,129,0.777269504186778,0.5056542704660688,0.4149674094597263
11,20260530,513,129,0.8163353112289572,0.5238582634657516,0.41136074037475495
12,20260531,513,129,0.8118563494919301,0.5378896601481528,0.4348163770356979
13,20260532,513,129,0.8012563402987036,0.5107718726687338,0.4053254722258192
14,20260533,513,129,0.7737928511432006,0.5330300885441535,0.43767522989132274
15,20260534,513,129,0.8689219658640829,0.4602151072924464,0.3836915686396731
16,20260535,513,129,0.7398723201029379,0.554998349574649,0.4486364449510429
17,20260536,513,129,0.8117458936435847,0.5252261390267459,0.43463002867922185
18,20260537,513,129,0.8146731271543455,0.479294546395249,0.4056977780911714
19,20260538,513,129,0.8180756964178845,0.49359286809308267,0.40528496789269114
20,20260539,513,129,0.8503058270668409,0.4707204968344198,0.3856364630670985
21,20260540,513,129,0.8366637007446188,0.5008289774053166,0.40967842253237746
22,20260541,513,129,0.8037336436033405,0.529964513460318,0.4270502981910361
23,20260542,513,129,0.7636124042655835,0.5437806031485641,0.4521021956650437
24,20260543,513,129,0.8050470829216159,0.5585138078496594,0.4344323106138324
25,20260544,513,129,0.7868656669594569,0.5571482047075079,0.44235168376440565
26,20260545,513,129,0.8519642565802464,0.5097572028670889,0.4103958573389369
27,20260546,513,129,0.7790575809982039,0.5568605494641408,0.44137881466506673
28,20260547,513,129,0.799456627502144,0.5123055550240838,0.39377125194065904
29,20260548,513,129,0.7900634772908213,0.5221940697549348,0.4168165203865499
30,20260549,513,129,0.8286346304133482,0.5065505938785091,0.40613838049535855
31,20260550,513,129,0.8105458737875599,0.5417830934459265,0.431331697558616
32,20260551,513,129,0.787474588954711,0.5571011501979355,0.44824759163619987
33,20260552,513,129,0.8333464041308436,0.5408004727646869,0.4262913256108626
34,20260553,513,129,0.828087143161747,0.4838397541356995,0.3921757570038955
35,20260554,513,129,0.8346340147749522,0.5298020404658744,0.413364673743153
36,20260555,513,129,0.7980669085408492,0.5255531919100954,0.4394217433835243
37,20260556,513,129,0.7903624594796579,0.4928235655628512,0.3894931784796046
38,20260557,513,129,0.7947578689384286,0.5559020962503347,0.4619089377989279
39,20260558,513,129,0.7626051761239565,0.5810174302326544,0.4644665303962167
40,20260559,513,129,0.7738389633413549,0.5476898223644644,0.4411403369075919
41,20260560,513,129,0.8258830963252201,0.5063448484805854,0.4145232997640463
42,20260561,513,129,0.7451800799885564,0.5627243427806945,0.46134610260298087
43,20260562,513,129,0.8120524200201351,0.5339397179912609,0.4449185798598684
44,20260563,513,129,0.8675857862991757,0.4586034522862173,0.3719681596027863
45,20260564,513,129,0.8746029296868232,0.44667947256619517,0.3618417016000745
46,20260565,513,129,0.8378847513379732,0.4956019172701501,0.40185190630508977
47,20260566,513,129,0.7798565874723176,0.5162757661409938,0.42941863581595063
48,20260567,513,129,0.7832199351337988,0.5464535782775982,0.42817188849822396
49,20260568,513,129,0.8154657810739708,0.5337004815403767,0.4131117271963678
50,20260569,513,129,0.8158540953284834,0.4945710592682342,0.4001328444447535
51,20260570,513,129,0.8244260964966542,0.4918276455291571,0.3917151110580317
52,20260571,513,129,0.8361163344165775,0.5460976981511664,0.44159033952339694
53,20260572,513,129,0.7830559933489443,0.5259036174258688,0.4279611806997638
54,20260573,513,129,0.7697661262085076,0.5231259012325032,0.4272125209653992
55,20260574,513,129,0.7937263898207588,0.5026108870011695,0.40903246116211606
56,20260575,513,129,0.785632792629738,0.5569316246243867,0.4508581079951511
57,20260576,513,129,0.8208076475568117,0.5185945066242783,0.4139116185044012
58,20260577,513,129,0.81451977716568,0.49435856993649996,0.3821957502996435
59,20260578,513,129,0.8501317037483969,0.46831604488044576,0.38715204109530493
60,20260579,513,129,0.7672830698749783,0.5540937956636308,0.4485415260954263
61,20260580,513,129,0.7661028675031956,0.5591924265017768,0.4493682004549186
62,20260581,513,129,0.8328339999147777,0.48485957313625616,0.3967235021344721
63,20260582,513,129,0.785783350697146,0.5274911084993825,0.41639990518866765
64,20260583,513,129,0.7795519053343843,0.5159431290907402,0.42466793157279564
65,20260584,513,129,0.7823115090471654,0.500452417395645,0.3971658488465481
66,20260585,513,129,0.8238161084302389,0.5071766345782306,0.4082948527813566
67,20260586,513,129,0.7245884275250524,0.5243033996795237,0.427413675548525
68,20260587,513,129,0.7976857308469568,0.5333612782349094,0.4334711078988634
69,20260588,513,129,0.7741094731288379,0.5611030428781727,0.4536157584469565
70,20260589,513,129,0.8278701570754552,0.5093224246515515,0.42839450770087867
71,20260590,513,129,0.8505321828101001,0.45604399385559163,0.36766169565678186
72,20260591,513,129,0.8147500127139696,0.5139562296198446,0.41842029754429233
73,20260592,513,129,0.7879348988185264,0.5360655579572418,0.43758423498629334
74,20260593,513,129,0.8467254108056237,0.4676421369942278,0.3909262687722136
75,20260594,513,129,0.8062992026763064,0.5284156149570328,0.4286278363372261
76,20260595,513,129,0.8244760541208553,0.5349285105042783,0.4143164789218892
77,20260596,513,129,0.8643712499007095,0.4703723029531565,0.3926864144392915
78,20260597,513,129,0.84199142785006,0.522184231768597,0.41733967964813923
79,20260598,513,129,0.7889546583102588,0.5374265627543163,0.4252181347095101
80,20260599,513,129,0.7783571125329631,0.5536374159403203,0.4303478383409609
81,20260600,513,129,0.7432582694548568,0.5854792440568296,0.47610602285653464
82,20260601,513,129,0.8542874209847626,0.45617342391192794,0.37189808902730354
83,20260602,513,129,0.8140290833126738,0.5157172631155696,0.408838973383089
84,20260603,513,129,0.8294447994878716,0.5371051352085228,0.43896142649608444
85,20260604,513,129,0.786134694629137,0.5409083720162461,0.4346099738815379
86,20260605,513,129,0.832997723882839,0.48092563835650093,0.39274428943961137
87,20260606,513,129,0.8010772031808977,0.5233334055835235,0.43147015072993017
88,20260607,513,129,0.7923457592619411,0.519243268394879,0.40159235952179595
89,20260608,513,129,0.7901626934124184,0.5005291244989499,0.3928059038683779
90,20260609,513,129,0.7743255335687153,0.5531932632666514,0.44698330018091503
91,20260610,513,129,0.8096140120211275,0.5155352460904453,0.41166386350357465
92,20260611,513,129,0.7928310869956359,0.5070757165300459,0.4318494991023934
93,20260612,513,129,0.7670731560907791,0.5351927039248773,0.4329353031612222
94,20260613,513,129,0.8391026346587749,0.4902803326346461,0.40189007808022087
95,20260614,513,129,0.817503107545557,0.5413784333197799,0.44760946327739826
96,20260615,513,129,0.7916596458058545,0.5186861977462538,0.4245778630339697
97,20260616,513,129,0.7184601826336208,0.5498308533585393,0.4491525471696108
98,20260617,513,129,0.8550815529624656,0.46694556549199334,0.38166063295147373
99,20260618,513,129,0.8498817149444848,0.4975123763559946,0.39221989133623925
100,20260619,513,129,0.8619095045644871,0.45817332551520296,0.37678991194184874
